0,1,2,3,4,5,6,7,8,9,10,11,12,13,14,15,16,17,18,19,20,21,22,23,24,25,26,27,28,29,30,31,32,33,34,35,36,37,38,39,40,41,42,43,44,45,46,47,48,49,50,51,52,53,54,55,56,57,58,59,60,61,62,63,64,65,66,67,68,69,70,71,72,73,74,75,76,77,78,79,80,81,82,83,84,85,86,87,88,89,90,91,92,93,94,95,96,97,98,99,100,101,102,103,104,105,106,107,108,109,110,111,112,113,114,115,116,117,118,119,120,121,122,123,124,125,126,127,128,129,130,131,132,133,134,135,136,137,138
15,14,13,53,17,25,56,55,52,62,5,6,9,10,26,50,49,69,68,67,66,65,64,63,2,3,4,7,8,12,11,27,45,44,43,42,41,40,39,61,60,59,58,57,35,34,33,32,38,48,47,46,37,36,21,20,19,18,29,24,23,28,54,31,30,51,1,71,16,22,70,,,35,3,34,7,58,33,12,1,4,6,13,11,5,2,15,55,54,18,39,19,67,66,65,64,52,53,49,44,46,47,45,43,48,57,21,22,23,24,20,9,41,42,31,37,38,8,25,40,17,63,62,61,60,59,26,28,29,27,10,30,32,50,36,51,56,14
32,33,34,57,2,1,3,4,56,58,59,60,61,62,63,35,36,37,10,9,8,7,6,5,64,65,66,67,68,69,70,71,46,47,48,49,50,51,52,41,42,43,44,45,19,20,13,14,15,16,17,18,11,12,24,25,26,27,28,22,23,29,38,53,54,55,72,39,31,21,40,,,2,3,14,6,16,13,11,10,1,5,12,4,9,7,8,53,54,50,51,52,55,56,57,58,25,53,21,20,22,23,24,26,25,52,29,30,31,32,33,34,47,48,36,35,17,42,45,15,41,59,60,61,62,63,37,38,39,40,41,28,65,27,18,44,49,19
2,3,4,46,5,1,30,31,20,21,16,17,18,19,47,23,24,70,25,26,27,28,29,22,41,42,43,44,45,14,15,48,49,50,51,52,53,54,55,56,57,58,59,60,66,67,68,69,65,62,63,64,39,40,8,9,10,11,12,6,7,38,13,36,37,35,34,71,33,32,61,,,,,,,,,,,,,,,,,,,,,,,,,,,,,,,,,,,,,,,,,,,,,,,,,,,,,,,,,,,,,,,,,,,,
,,,,,,,,,,,,,,,,,,,,,,,,,,,,,,,,,,,,,,,,,,,,,,,,,,,,,,,,,,,,,,,,,,,,,,,,,3,1,24,8,41,5,14,15,4,7,22,6,21,20,28,53,54,29,30,31,60,61,62,63,42,43,47,44,48,49,50,45,46,66,37,38,39,32,40,9,64,65,51,16,2,13,23,18,26,55,56,57,58,59,36,35,34,33,27,25,11,52,12,17,67,10
,,,,,,,,,,,,,,,,,,,,,,,,,,,,,,,,,,,,,,,,,,,,,,,,,,,,,,,,,,,,,,,,,,,,,,,,,11,23,2,12,14,9,17,20,26,19,4,41,40,53,39,45,46,50,51,49,52,31,32,5,10,30,28,27,29,42,54,7,16,13,25,24,65,64,37,33,21,35,36,22,63,47,59,58,57,55,56,43,38,44,34,48,60,62,15,61,67,66,3,,,
,,,,,,,,,,,,,,,,,,,,,,,,,,,,,,,,,,,,,,,,,,,,,,,,,,,,,,,,,,,,,,,,,,,,,,,,,3,9,58,22,59,60,61,62,23,24,63,57,23,15,67,66,65,26,25,64,55,54,53,52,51,50,49,48,47,46,45,44,43,42,9,10,11,12,13,27,41,40,21,4,39,1,6,29,14,38,37,36,35,34,18,19,56,20,32,2,16,33,5,31,30,17
,,,,,,,,,,,,,,,,,,,,,,,,,,,,,,,,,,,,,,,,,,,,,,,,,,,,,,,,,,,,,,,,,,,,,,,,,25,24,31,32,55,33,23,22,8,9,10,11,30,44,7,1,2,36,38,37,61,62,63,64,65,66,12,13,14,15,16,17,18,4,45,46,47,48,49,51,52,53,6,26,46,54,5,19,50,56,57,58,59,60,40,41,42,43,29,39,28,20,27,67,3,21
11,12,13,6,14,15,3,2,1,5,43,44,45,46,41,70,71,69,62,63,64,65,66,67,16,17,18,19,20,21,22,23,34,35,36,37,38,39,40,58,59,60,61,54,47,48,49,50,57,51,52,53,55,56,28,29,30,31,32,26,27,24,10,8,9,4,42,68,33,25,7,,,24,10,26,13,30,11,35,42,7,21,26,5,12,63,36,24,25,29,22,37,31,34,32,33,46,28,19,18,8,38,9,43,44,52,53,54,55,60,61,N/A,49,50,42,1,48,62,39,15,23,16,17,47,41,40,57,58,56,59,14,6,4,27,3,N/A,51,20
,,,,,,,,,,,,,,,,,,,,,,,,,,,,,,,,,,,,,,,,,,,,,,,,,,,,,,,,,,,,,,,,,,,,,,,,,1,19,37,38,3,24,11,21,20,39,40,41,8,9,42,57,56,47,48,49,61,60,59,58,2,22,12,10,43,45,44,16,15,62,25,26,27,28,29,18,54,55,46,7,14,17,50,63,51,64,65,66,5,6,31,30,32,33,52,34,35,13,4,53,67,36
,,,,,,,,,,,,,,,,,,,,,,,,,,,,,,,,,,,,,,,,,,,,,,,,,,,,,,,,,,,,,,,,,,,,,,,,,18,16,27,17,26,19,20,25,21,22,24,23,28,29,30,62,63,34,35,36,58,59,60,61,38,37,2,1,6,8,7,3,13,65,45,44,43,42,46,41,40,39,33,15,12,32,9,4,31,57,56,55,54,53,51,50,49,47,48,52,14,5,11,67,66,10
,,,,,,,,,,,,,,,,,,,,,,,,,,,,,,,,,,,,,,,,,,,,,,,,,,,,,,,,,,,,,,,,,,,,,,,,,8,23,51,34,17,7,65,1,22,6,33,24,11,2,32,50,49,25,12,64,60,61,59,58,18,35,57,16,13,15,14,41,42,48,28,29,30,31,27,3,62,63,46,9,43,4,36,47,44,53,54,55,19,20,39,37,40,38,45,26,21,56,10,67,52,5
,,,,,,,,,,,,,,,,,,,,,,,,,,,,,,,,,,,,,,,,,,,,,,,,,,,,,,,,,,,,,,,,,,,,,,,,,1,2,,,,3,4,,,,,,,,,,,13,,,,,,,,,,,14,16,15,,,,10,11,12,,9,,,,,5,,,,,,,,,,,7,6,,15,,8,,,,,,
,,,,,,,,,,,,,,,,,,,,,,,,,,,,,,,,,,,,,,,,,,,,,,,,,,,,,,,,,,,,,,,,,,,,,,,,,27,1,9,6,69,28,7,60,61,62,63,64,65,2,5,30,31,66,29,67,35,36,37,38,51,52,53,54,55,56,57,58,59,32,24,25,26,22,23,4,49,50,21,33,34,3,19,39,20,40,41,42,43,44,13,12,14,15,16,11,17,45,46,47,48,18
,,,,,,,,,,,,,,,,,,,,,,,,,,,,,,,,,,,,,,,,,,,,,,,,,,,,,,,,,,,,,,,,,,,,,,,,,23,1,36,9,48,29,37,7,3,34,35,31,30,13,4,62,63,5,33,8,57,59,58,56,49,50,17,15,19,20,21,16,22,65,38,39,40,42,41,14,66,67,47,25,11,10,27,28,6,53,54,55,51,52,43,44,46,45,32,61,2,18,24,60,64,26
,,,,,,,,,,,,,,,,,,,,,,,,,,,,,,,,,,,,,,,,,,,,,,,,,,,,,,,,,,,,,,,,,,,,,,,,,1,2,6,7,5,3,4,18,11,19,20,21,22,24,12,52,51,36,29,37,59,57,58,60,55,38,54,17,8,10,9,25,26,53,33,32,31,35,34,66,44,45,28,13,16,27,15,43,47,61,62,63,49,48,40,41,42,39,50,46,56,30,23,64,67,14
,,,,,,,,,,,,,,,,,,,,,,,,,,,,,,,,,,,,,,,,,,,,,,,,,,,,,,,,,,,,,,,,,,,,,,,,,,,,,,,,,,,,,,,,,,,,,,,,,,,,,,,,,,,,,,,,,,,,,,,,,,,,,,,,,,,,,,,,,,
,,,,,,,,,,,,,,,,,,,,,,,,,,,,,,,,,,,,,,,,,,,,,,,,,,,,,,,,,,,,,,,,,,,,,,,,,0,13,22,18,23,19,20,24,15,17,25,26,14,11,16,64,65,46,47,48,55,56,57,58,53,54,8,3,5,6,7,2,1,6,33,34,35,36,37,28,51,52,45,27,4,21,32,44,49,59,60,61,62,63,38,39,40,41,42,43,31,9,10,50,67,30
,,,,,,,,,,,,,,,,,,,,,,,,,,,,,,,,,,,,,,,,,,,,,,,,,,,,,,,,,,,,,,,,,,,,,,,,,1,2,17,10,12,8,11,3,34,33,32,31,30,6,29,23,24,28,27,26,65,64,63,62,61,60,22,21,20,19,18,9,16,47,41,40,39,38,37,35,54,53,52,5,4,7,25,49,42,59,58,57,56,55,48,46,45,44,43,15,14,50,13,67,51,66
,,,,,,,,,,,,,,,,,,,,,,,,,,,,,,,,,,,,,,,,,,,,,,,,,,,,,,,,,,,,,,,,,,,,,,,,,18,19,32,31,13,20,30,41,56,57,58,59,60,17,21,61,62,53,54,55,46,47,48,49,2,26,14,5,27,28,29,6,7,63,22,23,24,38,39,11,15,16,40,10,1,12,42,65,33,50,51,52,3,4,34,35,36,37,45,44,8,25,9,67,66,43
,,,,,,,,,,,,,,,,,,,,,,,,,,,,,,,,,,,,,,,,,,,,,,,,,,,,,,,,,,,,,,,,,,,,,,,,,10,9,12,11,40,13,30,33,31,32,36,35,34,3,63,64,65,25,14,26,52,53,54,55,43,44,45,46,47,48,49,50,51,66,17,18,19,20,21,1,39,38,37,15,56,2,23,62,29,57,58,59,42,41,5,6,7,8,28,4,27,60,16,61,67,22
,,,,,,,,,,,,,,,,,,,,,,,,,,,,,,,,,,,,,,,,,,,,,,,,,,,,,,,,,,,,,,,,,,,,,,,,,1,2,33,32,31,35,7,20,3,34,21,6,4,27,30,19,8,10,44,43,41,65,36,50,26,42,9,13,12,64,5,47,63,45,39,38,37,62,25,23,18,17,61,11,60,54,51,55,15,29,28,57,58,46,56,49,48,59,22,16,53,14,52,67,40,66
,,,,,,,,,,,,,,,,,,,,,,,,,,,,,,,,,,,,,,,,,,,,,,,,,,,,,,,,,,,,,,,,,,,,,,,,,15,1,16,20,22,19,18,3,2,4,9,10,17,5,7,6,11,25,60,61,32,33,34,35,24,62,63,23,36,37,38,39,40,26,29,30,31,41,42,49,64,65,50,51,52,8,43,44,45,55,56,57,58,59,28,27,53,54,12,21,13,46,47,66,48,14
,,,,,,,,,,,,,,,,,,,,,,,,,,,,,,,,,,,,,,,,,,,,,,,,,,,,,,,,,,,,,,,,,,,,,,,,,1,6,32,10,35,7,33,30,9,5,34,25,8,12,31,59,60,29,28,36,55,56,57,58,37,40,17,14,19,21,20,15,16,64,41,42,43,46,45,13,53,52,51,2,4,11,50,54,27,61,62,63,38,39,44,47,49,48,26,23,22,18,3,67,65,24
,,,,,,,,,,,,,,,,,,,,,,,,,,,,,,,,,,,,,,,,,,,,,,,,,,,,,,,,,,,,,,,,,,,,,,,,,23,3,41,40,54,39,8,38,7,37,24,36,5,42,25,51,50,33,35,32,55,60,59,58,57,56,31,30,10,28,29,27,26,53,11,9,12,13,14,49,1,2,6,22,47,46,45,66,44,62,61,64,63,65,15,4,16,17,43,18,19,34,20,67,52,21
,,,,,,,,,,,,,,,,,,,,,,,,,,,,,,,,,,,,,,,,,,,,,,,,,,,,,,,,,,,,,,,,,,,,,,,,,14,12,3,2,41,5,4,13,15,16,17,6,7,11,10,67,66,26,27,28,65,64,63,62,61,60,54,53,52,51,50,49,48,47,38,37,36,35,34,24,40,39,18,19,46,20,29,45,23,59,58,57,56,55,33,32,31,30,9,1,21,44,22,43,42,8
,,,,,,,,,,,,,,,,,,,,,,,,,,,,,,,,,,,,,,,,,,,,,,,,,,,,,,,,,,,,,,,,,,,,,,,,,23,3,27,26,34,28,1,2,32,35,37,33,36,13,48,60,61,21,32,25,54,53,52,51,49,50,46,38,43,44,45,39,47,62,16,17,18,19,20,66,22,23,12,30,40,24,10,41,15,55,56,57,58,59,5,6,7,14,9,8,4,42,31,64,63,11
,,,,,,,,,,,,,,,,,,,,,,,,,,,,,,,,,,,,,,,,,,,,,,,,,,,,,,,,,,,,,,,,,,,,,,,,,10,17,12,1,7,9,11,5,18,2,15,6,13,16,25,24,23,45,46,21,58,57,56,55,27,38,39,28,40,41,42,8,43,26,65,64,63,62,61,4,47,48,49,44,3,19,30,20,22,51,50,54,53,52,66,59,67,60,34,31,14,37,32,33,36,29
,,,,,,,,,,,,,,,,,,,,,,,,,,,,,,,,,,,,,,,,,,,,,,,,,,,,,,,,,,,,,,,,,,,,,,,,,2,32,33,34,36,35,20,27,25,31,26,24,5,38,37,39,40,18,41,21,42,43,44,45,46,47,48,1,52,51,50,49,53,54,13,12,11,7,14,56,58,59,17,4,6,57,16,60,19,61,62,63,64,65,15,10,9,8,30,23,28,29,3,67,66,22
,,,,,,,,,,,,,,,,,,,,,,,,,,,,,,,,,,,,,,,,,,,,,,,,,,,,,,,,,,,,,,,,,,,,,,,,,3,2,7,6,8,5,1,4,18,17,16,19,15,20,52,61,62,53,54,55,56,57,58,59,31,32,11,9,22,23,24,10,21,63,33,34,35,36,37,60,44,45,26,25,14,13,46,51,47,49,50,48,28,29,39,38,40,41,42,27,43,12,64,67,66,30
,,,,,,,,,,,,,,,,,,,,,,,,,,,,,,,,,,,,,,,,,,,,,,,,,,,,,,,,,,,,,,,,,,,,,,,,,,,,,,,,,,,,,,,,,,,,,,,,,,,,,,,,,,,,,,,,,,,,,,,,,,,,,,,,,,,,,,,,,,
,,,,,,,,,,,,,,,,,,,,,,,,,,,,,,,,,,,,,,,,,,,,,,,,,,,,,,,,,,,,,,,,,,,,,,,,,6,8,2,1,10,11,3,27,23,24,25,26,12,5,28,55,54,21,20,13,61,62,63,64,45,46,50,4,16,18,17,34,33,59,51,52,53,43,44,29,56,57,38,22,9,19,32,58,14,65,66,67,48,47,39,42,40,41,37,15,35,49,36,31,60,7
,,,,,,,,,,,,,,,,,,,,,,,,,,,,,,,,,,,,,,,,,,,,,,,,,,,,,,,,,,,,,,,,,,,,,,,,,1,2,23,24,27,3,11,28,6,5,25,26,9,10,31,29,30,39,38,40,59,60,61,65,55,56,20,12,15,18,16,13,21,54,42,43,44,45,46,33,66,67,51,8,7,17,37,34,36,62,63,64,57,58,47,48,49,50,41,35,19,22,14,52,53,4
,,,,,,,,,,,,,,,,,,,,,,,,,,,,,,,,,,,,,,,,,,,,,,,,,,,,,,,,,,,,,,,,,,,,,,,,,13,3,65,17,38,14,25,52,16,15,18,11,10,37,1,39,40,24,36,51,53,57,55,56,66,54,35,2,7,8,9,4,6,41,26,27,28,29,30,50,62,63,64,19,23,47,46,12,45,59,60,61,44,59,33,32,49,31,58,20,5,21,22,42,67,43
,,,,,,,,,,,,,,,,,,,,,,,,,,,,,,,,,,,,,,,,,,,,,,,,,,,,,,,,,,,,,,,,,,,,,,,,,25,24,23,22,51,21,20,19,18,17,16,15,12,14,13,53,52,32,31,30,59,58,57,56,55,54,42,41,40,39,38,37,36,50,7,8,9,11,10,44,46,45,2,47,35,34,33,60,48,65,64,63,62,61,1,4,5,6,29,26,27,29,49,67,66,3
,,,,,,,,,,,,,,,,,,,,,,,,,,,,,,,,,,,,,,,,,,,,,,,,,,,,,,,,,,,,,,,,,,,,,,,,,18,3,38,33,35,34,26,1,30,31,29,28,27,39,54,43,44,2,19,25,61,62,63,64,57,65,45,46,47,48,49,50,51,23,12,13,14,5,4,37,66,67,9,21,16,47,24,42,17,58,59,60,55,56,11,8,7,6,31,15,41,52,20,53,22,10
,,,,,,,,,,,,,,,,,,,,,,,,,,,,,,,,,,,,,,,,,,,,,,,,,,,,,,,,,,,,,,,,,,,,,,,,,,,,,,,,,,,,,,,,,,,,,,,,,,,,,,,,,,,,,,,,,,,,,,,,,,,,,,,,,,,,,,,,,,
,,,,,,,,,,,,,,,,,,,,,,,,,,,,,,,,,,,,,,,,,,,,,,,,,,,,,,,,,,,,,,,,,,,,,,,,,,,,,,,,,,,,,,,,,,,,,,,,,,,,,,,6,7,,,8,9,10,,,1,,,,4,,,,,,,,,,,,,,,,2,5,,3,,,
,,,,,,,,,,,,,,,,,,,,,,,,,,,,,,,,,,,,,,,,,,,,,,,,,,,,,,,,,,,,,,,,,,,,,,,,,25,13,24,23,62,22,21,20,14,19,16,15,17,18,47,1,2,48,49,50,7,6,8,5,63,64,67,51,52,53,54,55,56,3,35,36,37,38,39,27,44,45,46,57,58,32,34,12,33,10,11,9,65,66,40,41,42,43,28,29,30,59,60,61,4,31
,,,,,,,,,,,,,,,,,,,,,,,,,,,,,,,,,,,,,,,,,,,,,,,,,,,,,,,,,,,,,,,,,,,,,,,,,3,15,39,40,55,19,20,6,14,11,21,17,12,9,22,53,54,32,13,33,63,64,65,66,59,58,49,43,45,46,47,42,44,51,36,37,38,30,31,10,34,35,25,2,41,8,23,50,24,56,57,62,61,60,26,27,28,29,18,16,4,48,1,67,52,7
,,,,,,,,,,,,,,,,,,,,,,,,,,,,,,,,,,,,,,,,,,,,,,,,,,,,,,,,,,,,,,,,,,,,,,,,,14,29,42,43,54,31,44,33,28,45,24,2,30,36,26,60,61,39,46,47,48,49,50,51,52,53,4,5,8,9,10,6,7,62,15,16,17,18,19,34,66,67,27,13,11,37,40,63,41,55,56,57,58,59,20,21,22,23,32,1,25,3,12,64,65,38
,,,,,,,,,,,,,,,,,,,,,,,,,,,,,,,,,,,,,,,,,,,,,,,,,,,,,,,,,,,,,,,,,,,,,,,,,18,21,23,25,9,24,20,22,33,42,35,36,34,41,53,66,67,27,30,28,57,58,59,60,3,10,5,2,6,8,7,1,4,65,44,45,46,43,47,32,54,55,48,19,14,29,39,40,37,61,62,63,12,11,51,17,52,50,49,31,16,13,15,56,64,38
,,,,,,,,,,,,,,,,,,,,,,,,,,,,,,,,,,,,,,,,,,,,,,,,,,,,,,,,,,,,,,,,,,,,,,,,,7,4,5,6,11,1,8,2,21,23,24,22,20,14,19,26,25,41,43,42,29,30,31,28,9,32,40,12,36,38,37,13,27,44,64,66,65,67,63,3,34,35,45,15,16,10,55,39,49,61,62,48,47,46,56,58,59,60,57,53,50,52,18,17,51,54
,,,,,,,,,,,,,,,,,,,,,,,,,,,,,,,,,,,,,,,,,,,,,,,,,,,,,,,,,,,,,,,,,,,,,,,,,,,,,,,,,,,,,,,,,,,,,,,,,,,,,,,,,,,,,,,,,,,,,,,,,,,,,,,,,,,,,,,,,,
,,,,,,,,,,,,,,,,,,,,,,,,,,,,,,,,,,,,,,,,,,,,,,,,,,,,,,,,,,,,,,,,,,,,,,,,,6,1,34,4,52,33,32,5,18,17,31,30,19,16,35,67,65,29,28,27,54,55,56,57,50,51,26,15,12,22,44,10,9,66,36,37,38,39,14,8,49,48,40,7,23,25,41,53,24,62,61,60,59,58,42,43,13,45,46,2,21,47,11,63,64,3
,,,,,,,,,,,,,,,,,,,,,,,,,,,,,,,,,,,,,,,,,,,,,,,,,,,,,,,,,,,,,,,,,,,,,,,,,1,9,20,19,7,17,28,8,21,6,29,27,3,10,30,32,33,52,18,46,45,44,43,42,22,16,50,15,23,34,24,14,41,40,53,61,60,59,58,N/A,64,63,62,12,2,13,31,26,47,37,38,48,35,36,54,55,57,56,39,25,5,49,11,N/A,51,4
,,,,,,,,,,,,,,,,,,,,,,,,,,,,,,,,,,,,,,,,,,,,,,,,,,,,,,,,,,,,,,,,,,,,,,,,,40,1,15,14,39,13,3,27,4,31,30,29,28,7,6,53,52,8,24,25,59,58,57,56,55,54,51,44,49,48,47,46,45,50,23,22,21,20,5,35,37,36,12,38,42,16,34,65,9,64,63,62,61,60,19,18,17,11,32,33,2,43,41,67,66,10
,,,,,,,,,,,,,,,,,,,,,,,,,,,,,,,,,,,,,,,,,,,,,,,,,,,,,,,,,,,,,,,,,,,,,,,,,5,4,41,39,50,19,22,7,1,40,21,8,20,23,6,63,62,42,44,45,61,58,59,60,51,54,25,10,29,31,30,37,38,64,32,33,34,35,36,24,48,47,28,3,49,15,9,46,43,57,56,55,52,53,11,12,18,17,13,16,26,27,2,67,65,14
,,,,,,,,,,,,,,,,,,,,,,,,,,,,,,,,,,,,,,,,,,,,,,,,,,,,,,,,,,,,,,,,,,,,,,,,,2,6,34,13,24,9,22,21,25,12,35,20,15,11,33,63,64,36,26,37,56,57,58,59,27,23,38,4,17,18,19,1,16,65,39,40,41,42,43,10,53,54,46,5,8,7,45,28,44,60,61,62,51,52,47,48,49,50,30,29,14,31,3,67,66,32
,,,,,,,,,,,,,,,,,,,,,,,,,,,,,,,,,,,,,,,,,,,,,,,,,,,,,,,,,,,,,,,,,,,,,,,,,5,2,22,21,48,20,33,34,1,4,32,29,3,15,27,62,61,25,24,26,52,51,50,49,47,53,46,36,45,44,43,37,42,60,8,9,10,11,12,14,41,40,38,7,35,13,66,63,31,59,58,57,56,55,16,17,18,19,28,30,23,39,6,65,54,67
,,,,,,,,,,,,,,,,,,,,,,,,,,,,,,,,,,,,,,,,,,,,,,,,,,,,,,,,,,,,,,,,,,,,,,,,,2,3,9,8,1,6,5,4,10,14,13,11,12,15,28,29,36,37,38,39,61,62,63,64,19,54,52,20,21,23,22,7,32,67,45,46,48,47,49,33,56,57,51,16,17,18,53,30,50,58,59,60,34,35,41,42,43,44,31,24,25,40,27,65,66,26
,,,,,,,,,,,,,,,,,,,,,,,,,,,,,,,,,,,,,,,,,,,,,,,,,,,,,,,,,,,,,,,,,,,,,,,,,6,8,25,24,49,23,26,14,7,19,22,20,21,5,15,31,30,38,37,36,53,52,51,50,12,59,58,10,57,56,55,9,54,29,48,47,46,45,44,1,18,17,35,16,11,2,32,28,34,66,65,64,63,62,43,42,41,40,13,33,3,61,4,67,60,39
,,,,,,,,,,,,,,,,,,,,,,,,,,,,,,,,,,,,,,,,,,,,,,,,,,,,,,,,,,,,,,,,,,,,,,,,,36,9,2,1,50,10,4,3,21,20,22,19,18,12,49,64,63,13,5,6,52,53,54,55,51,62,39,37,38,42,41,44,43,61,14,15,16,17,23,30,33,32,11,40,45,46,31,47,7,60,59,58,57,56,29,28,27,26,25,34,24,48,35,67,66,65
,,,,,,,,,,,,,,,,,,,,,,,,,,,,,,,,,,,,,,,,,,,,,,,,,,,,,,,,,,,,,,,,,,,,,,,,,2,1,12,11,8,13,3,10,14,16,17,12,15,25,66,65,64,63,62,31,61,60,59,58,9,57,26,5,21,22,23,4,30,56,32,33,34,35,36,27,54,55,29,20,19,39,40,38,37,51,52,53,41,18,45,46,47,48,44,43,7,42,6,49,50,24
,,,,,,,,,,,,,,,,,,,,,,,,,,,,,,,,,,,,,,,,,,,,,,,,,,,,,,,,,,,,,,,,,,,,,,,,,46,32,31,20,48,41,29,33,26,45,30,28,25,34,19,52,53,27,44,17,54,55,56,57,47,50,7,2,10,9,11,1,8,59,14,15,16,21,22,24,61,62,40,42,5,4,39,49,18,63,64,60,51,58,13,37,36,35,12,43,23,6,3,67,65,38
,,,,,,,,,,,,,,,,,,,,,,,,,,,,,,,,,,,,,,,,,,,,,,,,,,,,,,,,,,,,,,,,,,,,,,,,,,,,,,,,,,,,,,,,,,,,,,,,,,,,,,,,,,,,,,,,,,,,,,,,,,,,,,,,,,,,,,,,,,
,,,,,,,,,,,,,,,,,,,,,,,,,,,,,,,,,,,,,,,,,,,,,,,,,,,,,,,,,,,,,,,,,,,,,,,,,20,19,17,22,7,3,6,16,27,28,30,26,29,11,60,39,35,43,44,48,10,13,12,23,2,57,37,5,51,34,40,8,24,46,45,50,53,47,49,1,18,15,52,14,9,21,62,63,58,31,25,32,41,42,54,55,56,59,61,64,33,36,4,65,66,67
,,,,,,,,,,,,,,,,,,,,,,,,,,,,,,,,,,,,,,,,,,,,,,,,,,,,,,,,,,,,,,,,,,,,,,,,,2,22,14,10,54,15,20,9,23,19,16,24,4,6,25,55,56,13,18,26,63,64,65,66,53,52,44,51,43,42,41,39,40,57,32,33,34,35,36,7,47,46,48,3,45,5,17,59,12,60,61,62,49,50,28,29,30,31,21,37,27,38,1,67,58,11
,,,,,,,,,,,,,,,,,,,,,,,,,,,,,,,,,,,,,,,,,,,,,,,,,,,,,,,,,,,,,,,,,,,,,,,,,13,14,15,7,41,16,17,18,40,39,38,37,24,36,19,35,34,33,32,31,58,57,56,55,54,53,52,51,50,49,48,47,46,45,44,43,42,23,22,8,29,28,27,11,26,20,25,30,3,62,59,61,60,63,6,5,9,12,4,10,1,64,2,66,65,21
7,7,7,15,6,6,9,9,8,5,3,3,3,3,3,11,11,17,10,10,10,10,10,10,4,4,4,4,4,4,4,4,1,1,1,1,1,1,1,14,14,14,14,14,13,13,13,13,13,13,13,13,13,13,12,12,12,12,12,12,12,12,2,14,14,8,3,16,12,12,18,,,19,21,22,23,54,24,3,15,25,2,26,27,20,14,26,63,62,29,1,30,51,50,49,48,52,53,9,13,12,12,12,10,11,61,31,32,33,34,35,7,46,47,36,17,11,5,36,64,38,55,56,57,58,59,39,40,41,42,16,43,44,8,18,45,60,4
,,,,,,,,,,,,,,,,,,,,,,,,,,,,,,,,,,,,,,,,,,,,,,,,,,,,,,,,,,,,,,,,,,,,,,,,,1,2,13,9,7,3,8,10,5,4,12,11,6,18,38,64,65,36,34,37,61,62,59,60,30,33,41,23,25,27,26,28,29,66,42,43,44,45,46,56,50,51,49,16,15,35,52,53,39,57,58,63,32,31,20,47,21,22,48,24,19,40,17,55,67,14
,,,,,,,,,,,,,,,,,,,,,,,,,,,,,,,,,,,,,,,,,,,,,,,,,,,,,,,,,,,,,,,,,,,,,,,,,9,23,33,22,39,13,32,24,14,25,12,11,26,27,30,37,38,31,21,34,45,44,43,42,41,40,7,6,2,1,3,5,4,46,15,19,16,18,17,29,35,36,20,8,10,59,55,66,57,65,64,63,62,61,51,52,53,54,58,50,49,47,48,60,67,56
,,,,,,,,,,,,,,,,,,,,,,,,,,,,,,,,,,,,,,,,,,,,,,,,,,,,,,,,,,,,,,,,,,,,,,,,,1,3,11,10,56,9,7,12,2,8,5,4,6,13,39,15,14,36,37,38,57,58,59,60,62,61,54,49,53,52,51,50,48,44,21,22,23,24,25,40,41,42,35,16,27,43,26,46,34,63,64,65,67,66,28,29,30,31,32,20,33,55,18,47,45,19
,,,,,,,,,,,,,,,,,,,,,,,,,,,,,,,,,,,,,,,,,,,,,,,,,,,,,,,,,,,,,,,,,,,,,,,,,,,,,,,,,,,,,,,,,,,,,,,,,,,,,,,,,,,,,,,,,,,,,,,,,,,,,,,,,,,,,,,,,,
,,,,,,,,,,,,,,,,,,,,,,,,,,,,,,,,,,,,,,,,,,,,,,,,,,,,,,,,,,,,,,,,,,,,,,,,,4,3,25,26,27,21,2,52,11,24,7,22,5,53,23,28,30,19,20,1,54,61,55,56,62,63,9,42,17,45,18,43,44,67,35,36,37,38,39,49,47,48,16,12,34,51,31,13,33,57,58,65,59,60,15,10,29,40,46,6,41,14,8,64,66,32
,,,,,,,,,,,,,,,,,,,,,,,,,,,,,,,,,,,,,,,,,,,,,,,,,,,,,,,,,,,,,,,,,,,,,,,,,5,3,18,9,15,8,16,28,19,27,21,20,22,26,23,35,36,57,58,59,63,62,61,60,2,56,32,4,37,38,39,13,30,40,45,44,43,42,41,1,10,14,55,31,7,11,53,24,46,67,66,65,54,34,51,50,49,48,33,25,12,29,6,64,47,52
,,,,,,,,,,,,,,,,,,,,,,,,,,,,,,,,,,,,,,,,,,,,,,,,,,,,,,,,,,,,,,,,,,,,,,,,,11,8,47,20,48,19,2,40,45,21,44,43,42,22,56,58,57,59,60,61,39,40,41,24,23,31,25,7,5,4,16,3,14,62,49,50,51,28,29,10,52,53,32,17,1,18,38,13,37,54,55,30,33,63,26,27,36,35,64,34,6,15,9,67,65,66
,,,,,,,,,,,,,,,,,,,,,,,,,,,,,,,,,,,,,,,,,,,,,,,,,,,,,,,,,,,,,,,,,,,,,,,,,18,2,10,11,38,3,19,20,1,4,24,21,22,23,36,38,33,39,25,40,65,62,61,60,41,59,12,13,34,32,31,14,30,64,42,43,44,45,46,,28,29,47,15,6,26,35,5,48,56,57,58,55,54,51,53,52,50,16,9,8,17,7,,49,27
,,,,,,,,,,,,,,,,,,,,,,,,,,,,,,,,,,,,,,,,,,,,,,,,,,,,,,,,,,,,,,,,,,,,,,,,,16,17,51,49,30,29,50,22,18,20,36,19,21,12,48,31,26,37,38,39,41,42,43,44,24,40,11,1,7,8,9,2,4,27,52,53,54,55,56,13,66,67,65,6,23,15,61,25,32,45,46,47,33,34,57,58,59,60,35,62,3,10,5,64,28,63
,,,,,,,,,,,,,,,,,,,,,,,,,,,,,,,,,,,,,,,,,,,,,,,,,,,,,,,,,,,,,,,,,,,,,,,,,2,8,32,14,52,31,16,15,13,30,17,11,12,29,46,47,48,36,37,38,62,61,60,59,53,63,10,6,20,19,18,3,7,64,41,42,43,44,45,27,24,25,50,4,28,26,39,33,51,58,57,56,55,54,21,22,23,40,49,34,5,9,1,67,65,35
,,,,,,,,,,,,,,,,,,,,,,,,,,,,,,,,,,,,,,,,,,,,,,,,,,,,,,,,,,,,,,,,,,,,,,,,,7,23,32,9,62,31,29,30,10,5,25,24,6,28,27,31,52,8,11,34,58,59,60,61,44,45,43,46,47,57,50,48,49,56,20,15,14,12,13,35,38,39,40,1,36,37,22,41,26,42,54,63,65,64,19,18,17,16,33,4,3,53,2,67,55,21
,,,,,,,,,,,,,,,,,,,,,,,,,,,,,,,,,,,,,,,,,,,,,,,,,,,,,,,,,,,,,,,,,,,,,,,,,11,2,7,5,27,6,4,3,8,9,15,16,10,25,44,66,65,33,32,34,60,59,58,57,26,56,41,13,21,22,23,12,19,67,35,36,37,38,39,17,30,40,52,29,20,49,50,53,31,63,62,61,54,55,47,28,46,48,43,42,1,24,14,45,64,51
6,7,8,28,26,27,64,65,66,63,49,50,51,52,53,24,25,71,1,2,3,4,5,54,55,56,57,58,59,60,61,62,29,30,31,32,33,34,35,19,20,21,22,23,9,10,11,12,13,14,15,16,17,18,39,40,41,42,43,44,45,46,68,37,38,67,36,70,47,48,69,,,26,8,28,10,50,27,9,7,22,25,23,21,24,20,37,64,65,13,15,14,53,54,55,56,51,52,44,43,38,39,40,41,42,63,5,4,3,2,1,49,48,47,16,30,45,31,11,66,12,59,60,61,57,58,34,35,36,6,19,17,18,46,32,67,62,33
,,,,,,,,,,,,,,,,,,,,,,,,,,,,,,,,,,,,,,,,,,,,,,,,,,,,,,,,,,,,,,,,,,,,,,,,,20,12,19,13,42,14,18,9,11,1,17,15,16,8,21,43,44,22,2,23,45,46,47,48,49,50,51,52,53,54,55,56,57,58,24,25,26,27,28,6,29,30,31,32,33,5,34,59,35,60,61,62,63,64,36,37,38,39,10,40,3,65,41,67,66,4
,,,,,,,,,,,,,,,,,,,,,,,,,,,,,,,,,,,,,,,,,,,,,,,,,,,,,,,,,,,,,,,,,,,,,,,,,,,,,,,,,,,,,,,,,,,,,,,,,,,,,,,,,,,,,,,,,,,,,,,,,,,,,,,,,,,,,,,,,,
61,60,59,58,57,4,12,13,14,7,15,16,17,18,19,56,55,2,8,20,21,22,23,1,54,53,52,51,50,49,48,47,46,45,44,43,42,41,40,39,38,37,36,35,34,33,32,31,30,29,28,27,26,25,66,65,64,63,62,3,6,11,67,68,69,10,24,70,9,5,71,,,27,28,3,30,29,31,32,33,34,35,36,37,38,39,40,43,44,41,42,5,45,46,47,48,49,50,54,52,56,57,58,55,53,51,2,7,8,9,10,60,6,11,12,4,13,14,15,16,61,62,63,64,65,66,1,20,21,22,23,24,17,19,18,67,26,25
18,19,20,26,21,22,23,24,25,27,12,13,14,15,16,66,69,65,56,52,53,54,55,29,57,58,59,60,61,62,63,64,45,46,47,48,49,50,51,40,41,42,43,44,32,33,34,35,36,37,38,39,30,31,5,6,7,8,10,1,2,9,17,67,68,28,11,70,3,4,71,,,11,12,68,10,23,9,66,13,14,6,65,64,5,4,35,34,33,32,15,31,63,62,61,60,59,58,30,29,28,27,26,25,24,57,56,55,54,53,52,3,51,50,49,7,2,1,48,8,47,46,45,44,43,42,41,40,39,38,37,21,17,18,19,20,36,22
33,34,35,7,3,4,29,30,13,36,37,38,39,40,8,41,42,55,56,57,58,59,60,61,23,24,25,26,27,1,2,22,43,44,45,46,47,48,49,21,20,19,18,17,16,14,5,6,69,70,50,51,10,11,64,65,66,67,68,15,32,9,54,71,72,12,52,63,53,31,62,,,29,30,31,32,33,34,35,36,22,23,24,25,26,37,38,51,52,53,54,55,63,64,65,66,57,56,8,12,11,10,9,7,13,50,37,38,39,40,41,20,49,48,47,19,3,21,46,1,45,62,61,60,58,59,15,16,17,18,19,5,2,14,6,44,43,4
37,38,39,69,26,2,24,25,49,48,64,65,66,67,71,50,51,1,9,10,11,12,13,3,59,60,61,62,63,7,8,40,52,53,54,55,56,57,58,27,28,29,30,31,18,19,20,21,36,22,15,23,6,4,32,33,34,35,16,5,68,70,41,42,43,44,45,17,46,14,47,,,3,2,32,33,35,34,4,1,15,16,17,14,13,24,31,55,56,29,36,30,57,58,59,60,28,27,21,23,22,40,20,39,38,61,10,11,12,37,19,54,5,6,42,41,26,25,7,62,43,63,64,65,50,49,44,47,45,48,46,53,51,9,52,67,66,8
28,29,30,21,3,1,31,32,33,15,16,17,18,19,20,35,34,4,6,7,8,9,10,2,14,22,23,24,25,13,49,64,65,66,67,68,69,70,71,48,47,46,45,44,43,42,41,40,39,38,37,36,27,26,50,51,52,53,54,55,56,57,58,59,60,61,11,5,62,63,12,,,2,1,25,28,47,6,7,8,9,10,11,12,13,14,15,16,17,18,19,20,21,22,23,24,3,26,27,5,29,30,31,32,33,34,35,36,37,38,39,41,42,43,44,45,46,4,48,49,50,51,52,53,54,55,56,57,58,59,60,61,62,63,64,65,66,67
14,15,16,30,31,32,67,66,65,69,19,20,21,22,23,1,2,45,25,26,27,28,29,13,53,52,51,50,49,48,47,46,39,38,37,36,35,34,33,40,41,42,43,44,63,62,61,60,59,58,57,56,55,54,3,4,5,6,12,7,11,10,70,17,18,71,24,64,8,9,68,,,24,21,23,22,58,33,20,34,17,35,18,19,16,36,15,60,59,25,37,14,66,65,64,63,62,61,41,42,43,47,46,45,44,48,13,12,11,10,9,49,32,31,30,40,50,29,7,51,6,52,53,54,55,56,1,4,3,2,28,27,26,39,38,57,67,5
13,14,15,4,20,3,18,19,17,16,21,22,23,24,8,49,50,12,42,43,44,45,46,1,58,59,60,61,62,25,26,68,51,52,53,54,55,56,57,63,64,65,66,67,31,32,33,34,11,35,36,37,28,29,38,39,40,41,69,27,5,7,6,47,48,2,10,70,9,30,71,,,10,16,7,9,53,14,21,15,13,12,20,17,11,8,22,18,19,35,37,36,59,60,61,62,3,54,55,23,24,25,26,27,28,56,38,39,40,41,42,4,51,52,43,30,2,29,5,1,45,63,64,65,57,58,46,47,48,49,31,32,33,50,34,,44,6
21,22,23,24,4,5,36,37,3,20,6,7,8,9,25,18,19,52,65,66,67,68,69,70,59,60,61,62,63,64,58,57,26,27,28,29,30,31,32,47,48,49,50,51,10,11,12,13,14,33,34,35,16,17,38,39,40,41,42,43,44,53,1,54,55,2,15,56,45,46,71,,,,,,,,,,,,,,,,,,,,,,,,,,,,,,,,,,,,,,,,,,,,,,,,,,,,,,,,,,,,,,,,,,,,
4,5,6,43,36,37,63,64,11,2,20,21,22,23,24,34,35,56,58,59,60,61,62,57,25,26,27,28,29,15,16,70,45,46,47,48,49,50,51,39,40,41,42,38,30,31,32,33,14,52,53,54,7,8,65,66,67,68,69,13,12,44,1,18,19,3,10,71,9,17,72,,,4,5,11,10,9,7,8,6,18,19,23,20,22,21,24,46,47,66,65,64,58,60,59,61,62,63,25,2,12,13,14,1,15,48,26,27,28,29,30,16,49,50,51,32,33,17,36,34,37,55,56,54,52,53,40,38,41,39,44,35,43,42,3,67,57,45
35,35,35,35,35,35,35,35,35,35,35,35,35,35,35,35,35,35,35,35,35,35,35,35,35,35,35,35,35,35,35,35,35,35,35,35,35,35,35,35,35,35,35,35,35,35,35,35,35,35,35,35,35,35,35,35,35,35,35,35,35,35,35,35,35,35,35,35,35,35,35,,,,,,,,,,,,,,,,,,,,,,,,,,,,,,,,,,,,,,,,,,,,,,,,,,,,,,,,,,,,,,,,,,,,
3,4,5,49,1,2,50,51,12,13,6,7,8,9,38,64,65,69,30,31,32,33,34,29,16,17,18,19,20,14,15,66,57,58,59,60,61,62,63,52,53,54,55,56,24,25,26,27,28,35,36,37,22,23,41,42,43,44,45,46,47,48,21,67,68,11,10,70,39,40,71,,,,,,,,,,,,,,,,,,,,,,,,,,,,,,,,,,,,,,,,,,,,,,,,,,,,,,,,,,,,,,,,,,,,
44,45,46,42,2,1,58,59,60,13,63,64,65,66,62,19,20,18,4,5,6,7,8,9,53,54,55,56,57,69,70,43,21,22,23,24,25,26,27,28,29,30,31,32,34,35,36,37,33,38,39,40,14,15,48,49,50,51,47,16,17,68,41,11,12,61,67,71,52,10,3,,,8,6,7,9,32,17,18,33,12,16,15,14,13,31,28,29,30,23,27,24,60,61,59,58,48,47,67,34,38,40,39,42,54,53,1,2,3,5,4,44,64,65,26,45,62,41,11,63,25,55,56,57,50,51,22,19,21,20,37,35,36,43,46,66,49,10
35,35,35,35,35,35,35,35,35,35,35,35,35,35,35,35,35,35,35,35,35,35,35,35,35,35,35,35,35,35,35,35,35,35,35,35,35,35,35,35,35,35,35,35,35,35,35,35,35,35,35,35,35,35,35,35,35,35,35,35,35,35,35,35,35,35,35,35,35,35,35,,,,,,,,,,,,,,,,,,,,,,,,,,,,,,,,,,,,,,,,,,,,,,,,,,,,,,,,,,,,,,,,,,,,
10,11,12,70,19,20,18,17,15,69,40,41,42,43,44,26,25,22,58,57,56,55,54,53,61,62,63,64,65,66,67,68,46,47,48,49,50,51,52,39,38,37,36,35,30,29,28,27,31,32,33,34,24,23,7,6,5,4,8,2,9,60,59,13,14,16,45,21,3,1,71,,,8,9,36,37,39,38,10,11,5,7,4,6,1,49,12,53,54,13,14,15,55,56,57,58,43,42,40,41,31,32,33,50,34,59,26,27,28,29,30,66,16,17,18,2,51,45,44,60,19,61,62,63,46,47,22,23,24,25,48,21,52,35,3,65,64,20
5,6,7,59,60,61,4,3,1,62,51,52,53,54,55,56,57,58,15,16,17,18,19,20,63,64,65,66,67,68,69,70,8,9,10,11,12,13,14,31,32,33,34,35,36,37,38,39,40,41,42,43,44,45,21,22,23,24,25,26,27,71,48,49,50,2,47,46,29,28,30,,,,,,,,,,,,,,,,,,,,,,,,,,,,,,,,,,,,,,,,,,,,,,,,,,,,,,,,,,,,,,,,,,,,
17,18,19,20,21,14,22,23,24,25,26,27,28,29,30,31,32,7,2,3,4,5,6,1,64,65,66,67,68,69,70,71,33,34,35,36,37,38,39,49,50,51,52,53,54,55,56,57,26,25,24,23,22,21,40,41,42,43,44,45,15,46,16,47,48,10,9,8,11,12,13,,,7,10,11,9,51,8,52,12,6,5,24,53,23,4,54,55,56,57,21,22,58,59,60,61,62,63,25,26,27,28,29,30,31,64,65,66,36,37,38,3,33,34,1,13,14,15,32,39,40,41,42,43,44,45,46,47,48,49,67,50,16,19,17,20,35,18
35,35,35,35,35,35,35,35,35,35,35,35,35,35,35,35,35,35,35,35,35,35,35,35,35,35,35,35,35,35,35,35,35,35,35,35,35,35,35,35,35,35,35,35,35,35,35,35,35,35,35,35,35,35,35,35,35,35,35,35,35,35,35,35,35,35,35,35,35,35,35,,,,,,,,,,,,,,,,,,,,,,,,,,,,,,,,,,,,,,,,,,,,,,,,,,,,,,,,,,,,,,,,,,,,
20,21,22,23,18,19,68,69,70,71,24,25,26,27,28,3,2,17,1,4,5,6,7,8,45,46,47,48,49,50,51,52,9,10,11,12,13,14,15,53,54,55,56,57,58,59,60,61,62,63,64,65,66,67,29,30,31,32,33,34,35,36,42,39,40,42,41,16,37,38,44,,,52,24,26,25,68,53,27,28,29,30,31,54,55,20,56,16,17,32,33,34,67,66,65,64,63,62,45,46,47,48,49,50,51,44,5,6,7,8,9,36,21,22,3,42,43,3,1,41,23,61,60,59,58,57,10,11,12,13,14,15,19,37,38,39,40,2
7,8,9,10,11,12,13,14,15,16,17,18,19,20,21,22,23,24,1,2,3,4,5,6,25,26,27,28,29,30,31,32,33,34,35,36,37,38,39,40,41,42,43,44,45,46,47,48,49,50,51,52,53,54,55,56,57,58,59,60,61,62,63,64,65,66,67,68,69,70,71,,,19,9,20,21,22,23,1,11,12,13,14,15,16,17,18,7,8,31,32,33,10,24,25,26,27,28,29,30,35,36,37,38,39,40,2,3,4,5,6,42,43,44,45,46,47,48,49,50,51,52,53,54,55,56,57,58,59,60,61,61,62,63,64,65,1,67
3,4,5,63,6,7,8,9,1,49,19,20,21,22,59,45,46,47,56,55,54,53,52,51,66,67,68,69,70,64,65,71,24,25,26,27,28,29,30,44,43,42,41,40,36,35,34,33,61,37,38,39,32,31,14,15,16,17,60,13,11,62,50,57,58,2,23,48,10,12,18,,,14,5,22,21,49,18,17,23,6,34,19,8,13,9,20,56,57,27,28,26,59,60,61,62,52,53,48,47,46,45,44,43,42,58,10,11,12,3,15,24,39,38,32,25,37,29,35,54,30,63,64,65,51,50,1,16,4,2,40,7,36,41,33,N/A,55,31
34,33,32,4,36,35,38,37,15,14,8,9,10,11,5,55,54,46,44,43,42,41,40,39,22,21,20,19,18,24,23,17,53,52,51,50,49,48,47,67,68,69,70,71,66,65,64,63,62,61,60,59,58,57,2,3,6,7,29,12,28,1,31,27,26,16,30,45,25,13,56,,,9,2,36,10,52,35,34,11,3,33,32,31,4,15,12,64,65,37,38,39,57,58,59,60,55,56,42,43,44,45,46,47,48,66,21,22,23,24,25,16,40,41,19,13,8,17,18,51,20,61,62,63,53,54,26,27,28,29,5,14,1,49,6,50,67,7
43,42,41,30,13,11,16,17,18,70,48,47,46,45,44,15,14,23,33,67,40,71,35,32,55,54,53,52,51,50,57,56,63,62,61,60,59,58,69,25,21,20,26,27,2,5,6,4,9,7,8,10,3,1,34,39,38,37,36,19,31,68,28,66,65,22,64,24,49,29,12,,,24,5,26,12,33,1,25,24,4,11,27,3,32,13,34,7,8,20,36,37,9,19,17,18,45,44,58,57,56,55,54,53,52,28,51,50,49,48,47,65,38,39,64,14,46,40,41,6,35,21,23,22,31,30,63,62,61,60,42,2,43,59,15,66,10,16
8,9,10,,3,4,,,,2,,,,,,,,,,,,,,,,,,,,,,,,,,,,,,,,,,,,,,,,,,,,,5,6,7,,,,,,,,,,,,,,1,,,26,15,9,10,8,14,44,2,12,6,46,45,17,3,47,27,22,48,5,49,29,30,31,32,21,28,33,16,7,23,13,24,25,34,56,57,58,59,60,4,66,67,51,43,11,1,37,38,52,53,54,55,19,20,61,62,63,64,41,42,18,40,39,65,35,36
9,10,11,20,43,44,31,32,30,34,38,39,40,41,42,47,48,70,65,66,67,68,69,64,21,22,23,24,25,26,27,36,12,13,14,15,16,17,18,59,60,61,62,63,52,53,54,55,51,56,57,58,49,50,3,4,5,6,28,2,1,19,35,45,46,29,37,71,7,8,33,,,,,,,,,,,,,,,,,,,,,,,,,,,,,,,,,,,,,,,,,,,,,,,,,,,,,,,,,,,,,,,,,,,,
2,5,15,3,62,63,0,68,20,10,29,30,31,32,33,64,65,66,34,35,36,37,38,14,13,21,22,23,24,25,26,27,1,4,6,8,39,40,41,42,43,44,45,46,47,48,49,50,51,52,53,54,55,56,57,11,12,16,17,18,19,28,58,59,60,9,61,67,7,69,70,,,6,4,21,5,22,19,20,9,10,18,23,24,11,12,25,26,27,28,29,30,31,32,33,34,35,36,13,14,37,38,39,40,41,42,47,46,45,44,43,8,66,65,64,7,2,3,63,62,61,60,59,58,57,56,55,54,53,52,51,50,1,15,16,49,48,17
12,13,14,36,20,10,33,34,24,25,42,43,44,45,37,21,22,70,15,16,17,18,19,11,62,63,64,65,66,67,68,69,26,27,28,29,30,31,32,56,57,58,59,60,48,49,50,51,52,53,54,55,46,47,5,6,7,8,9,3,2,35,1,38,39,40,41,71,23,4,61,,,10,13,49,20,54,22,21,15,16,17,18,19,1,14,23,53,52,43,44,45,55,56,57,58,59,60,8,2,4,5,6,3,7,67,38,39,40,41,42,36,50,51,37,11,26,32,33,34,35,61,62,63,64,65,27,28,29,30,47,48,24,9,25,46,66,31
47,46,45,1,12,4,49,50,51,48,8,9,10,11,2,52,53,71,13,14,15,16,17,5,23,22,21,20,19,6,7,18,44,43,42,41,40,39,38,37,36,35,34,33,32,31,30,29,63,28,27,26,25,24,60,59,58,57,56,55,65,64,68,61,62,67,3,70,66,54,69,,,,,,,,,,,,,,,,,,,,,,,,,,,,,,,,,,,,,,,,,,,,,,,,,,,,,,,,,,,,,,,,,,,,
9,10,11,37,29,12,30,31,32,33,50,51,52,53,54,27,28,70,15,16,17,18,19,14,56,57,58,59,60,61,62,63,38,39,40,41,42,43,44,45,46,47,48,49,22,23,24,25,26,34,35,36,20,21,4,5,6,7,68,2,1,67,13,64,65,66,55,71,8,3,69,,,55,22,2,21,18,19,15,17,16,20,17,15,1,24,23,34,35,25,32,33,45,46,47,48,17,18,59,26,27,28,29,30,31,61,3,4,5,6,7,49,56,57,37,53,38,39,14,60,40,50,51,52,41,42,8,9,10,11,43,12,44,58,54,63,62,13
12,13,14,15,16,17,1,2,61,62,56,57,58,59,60,18,19,20,3,4,5,6,7,8,51,52,53,54,55,11,10,9,44,45,46,47,48,49,50,39,40,41,42,43,29,30,31,32,33,34,35,36,37,38,25,26,27,28,21,22,23,24,63,64,65,66,67,68,69,70,71,,,30,31,32,33,34,35,36,37,19,40,39,38,13,1,18,16,17,6,20,21,22,23,24,25,26,27,28,29,4,3,5,30,31,7,41,42,43,44,45,47,48,49,8,13,59,2,54,53,32,50,51,52,14,15,55,56,57,58,63,9,10,62,11,61,12,60
4,5,6,65,3,2,64,63,15,7,23,22,21,20,66,42,41,50,62,61,60,59,58,57,49,48,47,46,45,44,43,69,31,30,29,28,27,26,25,56,55,54,53,52,40,39,38,37,70,36,35,34,33,32,8,9,10,11,68,16,13,67,1,19,18,15,24,51,14,17,71,,,3,19,32,31,49,43,42,24,17,26,44,3,18,21,29,56,55,5,25,48,63,62,61,60,53,52,12,13,9,10,11,14,15,64,41,40,39,38,37,22,6,7,8,2,20,23,46,54,45,59,58,57,51,50,36,35,34,33,4,28,27,16,1,67,65,47
28,29,30,10,1,2,,,,,6,7,8,9,3,,,,,,,,,,,,,,,,,,,,,,,,,23,24,25,26,27,17,18,19,20,,,,,4,5,12,13,14,15,,16,,11,,,,,21,,22,,,,,,17,,,,,,,10,,,18,,,21,6,5,,,,3,8,4,2,,11,12,9,19,,20,22,,,13,14,15,16,,,,,,,,,,1,,,,1,,,,,,,6,,,,,,,
1,2,3,70,46,47,48,49,17,71,12,13,14,15,16,44,45,11,28,29,30,31,32,33,20,21,22,23,24,25,26,27,4,5,6,7,8,9,10,60,61,62,63,64,50,51,52,53,54,55,56,57,58,59,34,35,36,37,38,39,40,41,67,65,66,18,19,68,42,43,69,,,1,2,3,4,5,6,7,8,9,10,11,12,13,14,15,66,67,19,20,21,65,64,63,62,16,22,23,17,24,25,26,18,27,28,29,30,31,32,33,35,36,37,38,39,40,41,42,43,44,45,46,47,48,49,50,51,52,53,54,55,56,57,58,59,60,61
35,35,35,35,35,35,35,35,35,35,35,35,35,35,35,35,35,35,35,35,35,35,35,35,35,35,35,35,35,35,35,35,35,35,35,35,35,35,35,35,35,35,35,35,35,35,35,35,35,35,35,35,35,35,35,35,35,35,35,35,35,35,35,35,35,35,35,35,35,35,35,,,,,,,,,,,,,,,,,,,,,,,,,,,,,,,,,,,,,,,,,,,,,,,,,,,,,,,,,,,,,,,,,,,,
1,2,3,66,39,56,68,67,13,51,21,22,23,24,25,27,28,63,58,59,60,61,62,57,34,35,36,37,38,52,53,70,44,45,46,47,48,49,50,29,30,31,32,33,15,16,17,18,43,40,41,42,19,20,7,8,9,10,69,5,4,65,12,54,55,14,26,64,11,6,71,,,,,,,,,,,,,,,,,,,,,,,,,,,,,,,,,,,,,,,,,,,,,,,,,,,,,,,,,,,,,,,,,,,,
9,10,11,70,6,8,67,66,60,63,2,3,4,5,69,29,28,27,56,55,54,53,52,7,51,50,49,48,47,46,45,68,18,17,16,15,14,13,12,44,43,42,41,40,35,34,33,32,36,39,38,37,31,30,22,21,20,19,65,26,25,71,64,62,61,59,1,57,23,24,58,,,,,,,,,,,,,,,,,,,,,,,,,,,,,,,,,,,,,,,,,,,,,,,,,,,,,,,,,,,,,,,,,,,,
5,6,7,10,46,47,1,2,3,8,22,23,24,25,12,27,28,69,48,49,50,51,52,53,54,55,56,57,58,59,60,61,29,30,31,32,33,34,35,64,65,66,67,68,36,37,38,39,40,41,42,43,44,45,18,19,20,21,16,14,13,11,9,62,63,4,26,70,17,15,71,,,1,7,40,33,49,44,31,37,6,38,39,32,5,43,29,50,51,35,34,30,58,59,60,61,52,53,11,10,13,14,15,9,12,57,23,24,25,26,27,42,47,48,36,2,4,41,46,65,28,62,63,64,54,55,22,21,20,19,18,17,8,16,3,NA,56,45
21,22,23,27,1,2,4,5,3,12,7,8,9,10,24,55,54,38,43,42,41,40,39,29,36,35,34,33,32,31,30,37,62,61,60,59,58,57,56,67,66,65,64,63,53,52,51,50,46,49,48,47,45,44,13,14,15,16,26,19,18,25,28,68,69,6,11,71,17,20,70,,,8,1,53,5,45,31,40,19,4,18,33,27,7,30,52,65,64,29,28,41,61,60,59,58,51,50,24,25,13,11,12,16,17,63,39,38,37,36,35,43,47,46,44,10,3,32,23,54,26,57,56,55,49,48,20,21,22,34,42,14,2,15,9,67,62,6
1,6,13,49,5,7,60,61,62,50,45,44,43,42,40,32,41,63,15,16,17,18,19,20,21,34,33,22,23,24,25,38,64,65,66,67,68,69,70,51,52,53,54,55,2,8,14,26,12,37,36,35,27,28,3,9,29,30,39,10,11,31,4,56,57,58,48,59,47,46,71,,,23,18,20,21,22,19,11,17,16,24,25,26,8,26,27,63,62,28,29,30,61,60,59,58,57,56,4,2,5,6,7,3,9,64,35,34,33,32,31,41,39,38,37,36,1,42,43,65,44,57,56,55,54,53,48,47,46,45,17,49,52,10,51,66,67,50
17,18,19,69,22,23,14,15,13,11,26,27,28,29,30,24,25,68,62,63,64,65,66,67,37,38,39,40,41,42,43,44,45,46,47,48,49,50,51,35,36,32,33,34,52,53,54,55,56,57,58,59,60,61,1,2,3,4,5,6,9,10,12,20,21,16,31,71,7,8,70,,,,,,,,,,,,,,,,,,,,,,,,,,,,,,,,,,,,,,,,,,,,,,,,,,,,,,,,,,,,,,,,,,,,
5,6,7,26,4,3,8,9,10,2,48,49,50,51,52,53,54,55,27,28,29,30,25,24,63,64,65,66,67,68,69,70,56,57,58,59,60,61,62,33,34,35,36,37,38,39,40,41,42,43,44,45,46,47,12,13,14,15,16,17,18,19,1,22,23,11,31,32,20,21,72,,,17,18,26,10,61,19,31,24,25,20,46,27,15,16,65,66,67,28,29,30,55,56,57,58,59,60,6,7,1,2,3,4,5,64,39,40,41,42,43,22,44,45,32,14,9,21,47,62,11,53,52,51,50,49,35,36,37,38,54,33,34,8,13,48,63,12
7,8,9,63,42,1,66,67,49,59,11,12,13,14,64,50,51,52,54,55,56,57,58,53,43,44,45,46,47,15,16,69,21,22,23,24,25,26,27,28,29,30,31,32,17,18,19,20,37,38,39,40,2,3,33,34,35,36,68,4,5,65,61,60,62,48,10,70,41,6,71,,,61,62,63,67,66,64,65,60,55,54,59,58,57,56,53,32,31,17,15,16,30,29,28,27,42,41,1,7,4,3,2,6,5,23,47,46,45,44,43,19,21,20,18,22,8,14,38,26,13,36,25,24,40,39,52,51,50,48,12,36,11,10,25,67,24,37
13,14,15,11,48,47,65,66,67,71,27,28,29,30,12,45,46,62,50,51,52,53,54,49,33,34,35,36,37,31,32,55,38,39,40,41,42,43,44,56,57,58,59,60,21,22,23,24,25,18,19,20,16,17,6,7,8,9,10,2,1,5,63,69,70,64,26,61,4,3,68,,,54,52,55,49,56,50,53,51,46,47,45,48,44,43,57,58,59,13,14,15,24,23,22,21,20,19,6,7,12,11,10,8,9,60,1,2,3,4,5,66,16,17,18,25,26,27,63,28,29,42,41,40,39,38,37,34,36,35,33,62,30,32,31,67,61,64
11,12,13,6,7,8,47,48,46,4,10,19,20,21,9,30,31,32,60,61,62,63,64,59,14,15,16,17,18,1,2,3,65,66,67,68,69,70,71,51,52,53,54,55,22,23,24,25,26,56,57,58,28,29,40,41,42,43,44,39,38,37,5,49,50,45,27,33,36,35,34,,,43,16,17,54,55,53,24,19,18,52,23,25,42,26,20,65,64,50,49,48,63,62,61,60,45,44,7,2,3,4,5,1,6,66,41,40,39,38,37,36,35,34,21,33,12,32,13,57,22,60,59,58,46,47,28,29,30,31,14,15,9,8,27,56,67,10
23,24,25,33,32,27,6,7,8,28,59,60,61,62,58,30,31,70,18,19,20,21,22,17,64,65,66,67,68,36,37,69,38,39,40,41,42,43,44,53,54,55,56,57,46,47,48,49,45,50,51,52,4,5,10,11,12,13,14,1,3,15,26,34,35,9,63,71,16,2,29,,,1,6,7,5,8,4,3,2,25,12,37,24,11,9,13,41,42,31,29,30,53,52,51,50,33,34,43,15,20,21,22,16,23,44,49,48,47,46,45,36,66,67,26,18,38,14,39,35,27,59,58,57,56,55,64,65,63,62,32,28,19,61,17,60,54,40
35,35,35,35,35,35,35,35,35,35,35,35,35,35,35,35,35,35,35,35,35,35,35,35,35,35,35,35,35,35,35,35,35,35,35,35,35,35,35,35,35,35,35,35,35,35,35,35,35,35,35,35,35,35,35,35,35,35,35,35,35,35,35,35,35,35,35,35,35,35,35,,,,,,,,,,,,,,,,,,,,,,,,,,,,,,,,,,,,,,,,,,,,,,,,,,,,,,,,,,,,,,,,,,,,
11,12,13,4,41,40,6,7,3,53,22,23,24,25,8,55,56,69,57,58,59,60,61,62,26,27,28,29,30,31,32,68,42,43,44,45,46,47,48,63,64,65,66,67,33,34,35,36,37,49,50,51,38,39,16,17,18,19,20,14,15,5,54,1,2,9,21,70,10,52,71,,,44,45,63,26,27,28,29,30,65,4,37,38,31,13,60,2,66,39,36,55,56,57,58,59,32,33,34,35,22,11,9,46,10,67,64,14,,,,,,,,,,,,,,,,,,,,,,,,,,,,,,
6,7,8,4,5,3,71,70,57,55,21,22,23,24,20,53,54,26,10,11,12,13,14,9,15,16,17,18,19,1,2,68,46,47,48,49,50,51,52,62,63,64,65,66,38,39,40,41,42,43,44,45,36,37,32,33,34,35,69,29,28,27,61,59,60,56,25,67,31,30,58,,,18,8,12,11,56,14,13,10,9,7,17,16,15,1,19,52,53,21,20,22,62,61,60,59,57,58,46,26,43,44,45,24,25,56,34,35,36,37,38,3,51,50,33,30,31,4,32,23,18,65,64,63,66,67,39,40,41,42,27,28,6,47,29,54,55,5
17,18,19,14,1,2,67,66,21,20,10,11,12,13,15,23,24,25,49,48,47,46,45,44,5,6,7,8,9,3,4,65,36,35,34,33,32,31,30,64,63,62,61,60,54,53,52,51,50,59,58,57,56,55,43,42,41,40,68,39,38,37,26,27,28,22,16,29,69,70,71,,,53,51,7,33,32,31,8,30,58,14,15,16,17,18,6,19,48,47,46,29,3,2,5,50,49,63,62,61,60,59,20,21,22,23,24,25,26,28,27,64,4,,,,,,,,,,,,,,,,,,,,,,,,,
24,23,22,115,3,2,1,20,41,18,38,39,40,46,93,43,44,60,122,121,120,119,118,117,137,136,135,134,133,132,131,130,129,128,127,126,125,124,123,25,26,47,48,49,34,28,37,35,27,52,33,53,14,51,21,54,55,32,31,6,5,92,11,100,116,7,64,61,8,9,101,,,56,10,114,113,56,112,57,58,14,112,78,63,65,66,15,110,109,12,45,59,21,19,67,30,108,107,68,69,29,36,70,71,29,72,16,73,72,74,13,41,111,110,109,17,18,47,108,19,75,76,1,78,79,80,81,82,83,84,85,86,87,88,50,89,90,91
17,18,19,70,20,21,65,66,67,68,60,61,62,63,64,22,23,43,1,2,3,4,5,6,52,53,54,55,56,57,58,59,24,25,26,27,28,29,30,38,39,40,41,42,7,8,9,10,11,12,13,14,15,16,31,32,33,34,35,36,37,71,69,44,45,46,47,48,49,50,51,,,23,7,24,25,56,26,27,57,58,59,60,61,62,63,64,65,66,8,9,10,33,34,35,36,37,38,39,40,41,42,43,44,45,46,2,3,4,5,6,19,18,17,1,22,47,48,49,50,51,28,29,30,31,32,11,12,13,14,20,15,16,52,53,54,55,21
14,15,16,22,23,24,1,2,3,21,25,26,27,28,30,32,33,63,49,50,51,52,53,54,59,60,61,62,63,56,57,58,34,35,36,37,38,39,40,48,49,50,51,52,41,42,43,44,45,53,54,55,46,47,6,7,8,9,10,11,4,18,12,19,20,17,29,64,13,5,31,,,8,16,22,19,32,14,40,20,21,41,42,43,15,39,3,37,38,56,49,57,44,45,46,47,29,30,31,2,5,6,7,1,12,33,51,52,53,54,55,10,65,64,63,9,4,23,25,24,50,34,35,36,28,27,60,58,61,62,59,48,17,13,11,N/A,26,18
1,2,3,46,4,10,44,45,20,11,16,17,18,19,34,36,37,69,63,64,65,66,67,60,53,54,55,56,57,58,59,61,21,22,23,24,25,26,27,47,48,49,50,51,28,29,30,31,40,41,47,45,38,39,5,6,7,8,68,12,13,14,35,61,62,32,33,70,9,15,52,,,20,5,46,38,33,23,49,28,19,55,57,56,27,59,58,54,47,24,22,50,31,32,30,29,10,48,12,8,13,39,14,7,11,53,1,2,3,26,6,64,65,66,52,9,4,63,25,44,62,33,34,35,36,37,21,18,17,16,51,41,42,15,43,61,60,40
1,2,3,60,62,61,16,17,15,59,31,32,33,34,70,19,20,58,35,36,37,38,39,40,46,47,48,49,50,44,45,43,51,52,53,54,55,56,57,10,11,12,13,14,21,22,23,24,30,27,28,29,25,26,6,7,8,9,41,4,5,63,18,64,65,42,66,69,67,68,71,,,2,1,5,4,7,3,6,8,9,13,12,11,10,14,15,66,67,28,27,17,62,63,64,65,24,25,26,23,18,19,20,21,22,41,29,30,31,32,33,39,34,35,37,36,38,16,42,55,43,57,58,59,60,61,44,45,46,47,48,49,50,51,52,54,56,53
16,17,18,66,14,15,65,64,2,3,10,11,12,13,44,42,43,41,35,36,37,38,39,40,1,4,5,6,7,8,9,45,46,47,48,49,50,51,52,53,54,55,56,57,19,20,21,22,58,59,60,61,23,24,25,26,27,28,62,29,30,63,67,68,69,31,32,70,33,34,71,,,1,11,12,13,15,10,14,9,5,25,26,6,8,28,27,67,66,7,30,29,65,64,63,62,61,60,38,39,40,41,42,43,44,59,24,23,22,21,20,58,34,33,32,2,45,57,56,55,54,53,52,51,50,49,19,18,17,16,4,35,36,37,3,48,47,46
9,9,9,10,3,3,17,17,17,8,11,11,11,11,11,2,2,5,12,12,12,12,12,12,13,13,13,13,13,13,13,13,18,18,18,18,18,18,18,14,14,14,14,14,1,1,1,1,1,1,1,1,1,1,16,16,16,16,16,16,16,16,7,4,4,17,15,6,16,16,19,,,18,3,21,39,19,25,26,20,27,56,57,28,29,4,44,45,46,47,48,49,5,16,11,12,13,14,15,55,1,1,1,1,1,2,10,8,8,9,30,31,32,33,34,50,51,52,53,54,1,1,1,1,35,7,36,6,37,42,41,38,,,,,,
1,2,3,66,28,71,47,48,4,14,42,43,44,45,46,30,29,70,36,37,38,39,40,41,58,59,60,61,62,63,64,65,51,52,53,54,55,56,57,31,32,33,34,35,27,17,18,19,20,21,22,23,25,26,6,7,8,9,10,24,67,68,13,15,16,5,49,69,11,12,50,,,,,,,,,,,,,,,,,,,,,,,,,,,,,,,,,,,,,,,,,,,,,,,,,,,,,,,,,,,,,,,,,,,,
14,15,16,68,32,13,48,49,33,12,50,51,52,53,54,66,67,55,27,28,29,30,31,26,43,44,45,46,47,41,42,17,34,35,36,37,38,39,40,21,22,23,24,25,3,4,5,18,19,56,57,58,1,2,7,8,9,10,59,6,60,69,11,61,62,63,64,70,65,20,71,,,1,2,8,3,7,6,5,4,9,13,10,11,12,19,48,60,61,49,50,51,62,63,64,65,18,66,20,14,21,22,23,17,24,67,33,34,35,36,37,38,26,27,39,28,29,15,30,52,40,53,54,55,56,57,41,42,43,44,45,46,47,32,16,58,59,31
41,42,43,44,45,46,47,48,49,50,51,52,53,54,55,22,23,24,11,12,13,14,15,16,56,57,58,59,60,61,62,63,64,65,66,67,68,69,70,17,18,19,20,21,1,2,3,4,5,6,7,8,9,10,25,26,27,28,29,30,31,32,33,34,35,36,71,37,38,39,40,,,29,30,31,32,33,34,35,36,37,38,39,53,40,41,42,5,2,43,44,45,6,7,8,9,10,11,12,13,14,15,16,17,18,19,46,47,48,49,50,52,3,54,20,21,55,56,57,22,58,23,24,25,26,27,59,60,61,62,63,1,64,65,28,66,4,67
22,23,24,54,28,27,55,56,45,57,34,33,32,31,58,25,26,30,59,60,61,62,63,29,52,51,50,49,48,47,46,64,37,38,39,40,41,42,43,1,2,3,4,5,13,12,14,15,18,20,19,21,16,17,8,9,10,11,70,6,7,53,44,36,35,65,66,67,68,69,71,,,,,,,,,,,,,,,,,,,,,,,,,,,,,,,,,,,,,,,,,,,,,,,,,,,,,,,,,,,,,,,,,,,,
3,4,5,54,1,2,63,62,61,20,60,59,58,55,56,28,29,71,53,57,64,65,66,67,39,40,41,42,43,44,45,46,32,33,34,35,36,37,38,25,26,27,16,17,8,9,10,11,31,22,23,24,7,12,13,14,30,21,18,47,48,49,6,50,51,52,68,70,15,19,69,,,23,24,25,26,27,28,29,30,31,32,33,34,35,36,37,38,39,40,41,42,43,44,45,46,47,48,22,1,5,7,6,4,6,62,10,11,12,13,14,16,17,18,19,20,21,2,49,50,51,52,53,54,55,56,57,58,59,60,61,8,3,9,4,65,66,67
1,2,3,50,12,11,46,47,45,49,13,14,15,16,17,9,10,48,53,54,55,56,57,41,20,21,22,23,24,18,19,58,59,60,61,62,63,64,65,4,5,6,7,8,33,34,35,36,37,38,39,40,31,32,27,28,29,30,44,25,26,51,52,42,43,70,66,71,67,68,69,,,13,6,8,7,64,9,1,5,3,20,2,4,12,11,10,52,53,18,19,17,58,57,54,55,56,59,49,43,44,45,46,48,47,66,26,27,28,29,30,16,33,34,32,38,37,14,36,42,35,65,63,61,62,60,21,22,23,24,25,51,39,50,40,41,67,31
35,35,35,35,35,35,35,35,35,35,35,35,35,35,35,35,35,35,35,35,35,35,35,35,35,35,35,35,35,35,35,35,35,35,35,35,35,35,35,35,35,35,35,35,35,35,35,35,35,35,35,35,35,35,35,35,35,35,35,35,35,35,35,35,35,35,35,35,35,35,35,,,,,,,,,,,,,,,,,,,,,,,,,,,,,,,,,,,,,,,,,,,,,,,,,,,,,,,,,,,,,,,,,,,,
12,13,14,27,6,1,44,45,47,48,65,66,67,68,69,4,5,15,21,22,23,24,25,26,51,52,53,54,55,49,50,56,57,58,59,60,61,62,63,39,40,41,42,43,7,8,9,10,3,16,17,18,19,20,36,37,32,33,34,35,28,29,11,70,71,46,64,2,30,31,38,,,36,40,41,37,60,46,42,38,43,44,45,39,47,4,9,7,8,20,19,18,50,51,52,53,49,54,48,3,12,10,11,2,9,5,29,30,31,28,21,6,22,23,32,33,13,1,63,14,15,55,56,57,58,59,34,24,25,35,26,17,5,27,16,,3,62
1,2,3,25,26,4,46,47,48,28,49,50,51,52,29,53,54,70,32,33,34,35,36,37,56,57,58,59,60,38,39,61,62,63,64,65,66,67,68,40,41,42,43,44,5,6,7,8,9,10,11,12,13,14,20,21,22,23,24,15,16,17,27,30,31,45,55,71,18,19,69,,,,,,,,,,,,,,,,,,,,,,,,,,,,,,,,,,,,,,,,,,,,,,,,,,,,,,,,,,,,,,,,,,,,
1,2,3,51,32,50,48,49,7,8,11,12,13,14,15,4,5,69,68,64,65,66,67,63,33,34,35,36,37,60,61,62,21,22,23,24,25,26,27,16,17,18,19,20,38,39,40,41,42,43,44,45,46,47,52,53,54,55,56,57,58,31,9,28,29,6,10,70,30,59,71,,,6,7,50,51,52,15,8,10,9,11,12,13,14,21,22,53,54,23,24,25,55,56,57,58,26,27,16,3,28,29,30,2,31,59,32,33,34,35,36,67,17,18,37,5,1,38,4,60,39,61,62,63,40,41,42,43,44,45,46,47,48,19,49,65,64,20
19,18,17,35,8,6,36,37,38,39,40,41,42,43,44,16,15,13,46,47,48,49,50,14,30,31,32,33,34,12,11,45,56,57,58,59,60,61,62,25,26,27,28,29,20,21,22,23,24,5,4,3,2,1,51,52,53,54,55,9,10,63,64,65,66,67,68,69,70,7,71,,,7,1,13,12,47,5,18,3,4,15,14,6,8,2,10,39,40,29,30,31,41,42,43,44,45,46,32,33,34,35,36,38,37,48,20,21,22,23,24,9,26,27,28,11,49,19,63,64,50,58,59,60,61,62,51,52,53,54,55,56,16,57,17,67,65,66
11,12,13,65,43,42,67,68,33,35,22,23,24,25,64,9,10,62,57,58,59,60,61,56,46,47,48,49,50,44,45,70,14,15,16,17,18,19,20,37,38,39,40,41,28,29,30,31,36,53,54,55,26,27,5,6,7,8,66,1,2,63,34,51,52,32,21,69,4,3,71,,,21,20,19,15,28,18,17,16,39,24,27,26,25,38,40,56,57,49,50,51,59,58,60,56,6,46,4,2,8,10,9,1,7,65,30,31,32,37,29,54,33,34,14,12,3,36,52,66,41,62,63,61,32,23,35,13,42,43,48,47,22,5,11,67,64,45
15,16,17,18,19,20,21,22,23,45,7,8,9,10,11,13,14,46,1,2,3,4,5,6,47,48,49,50,51,52,53,54,24,25,26,27,28,29,30,57,58,59,60,61,62,63,64,65,66,67,68,69,70,71,31,32,33,34,35,36,37,38,41,43,44,42,12,56,39,40,55,,,38,3,28,5,68,34,19,16,6,17,18,43,37,20,13,52,53,1,14,15,62,63,64,65,66,67,44,45,46,47,48,49,50,55,8,9,10,11,12,22,32,33,2,38,30,31,27,42,4,57,58,59,60,61,23,24,25,26,39,41,7,51,40,36,56,29
24,25,26,62,32,33,13,14,34,35,36,37,38,39,63,27,28,58,2,3,4,5,6,7,64,65,66,67,68,69,70,71,50,51,52,53,54,55,56,40,41,42,43,44,45,46,47,48,49,29,30,31,17,18,19,20,21,22,8,9,10,61,15,59,60,16,23,57,12,11,1,,,,,,,,,,,,,,,,,,,,,,,,,,,,,,,,,,,,,,,,,,,,,,,,,,,,,,,,,,,,,,,,,,,,
8,9,10,46,26,27,69,70,71,72,40,41,42,43,44,28,29,45,31,32,33,34,35,30,51,52,53,54,55,56,57,58,59,60,61,62,63,64,65,20,21,22,23,24,25,11,12,13,14,15,16,17,18,19,7,6,5,4,3,1,2,47,73,66,67,68,50,49,37,38,48,,,22,2,3,13,66,14,4,59,5,15,6,7,1,23,56,57,58,8,9,10,60,61,62,63,64,65,24,25,26,27,28,29,30,31,16,17,18,19,20,55,32,33,21,34,35,36,37,38,11,49,50,51,52,53,39,40,41,42,43,12,44,45,46,47,48,11
1,2,3,60,37,24,58,59,4,5,16,17,18,19,70,20,21,56,43,44,45,46,47,48,32,33,34,35,36,49,50,71,25,26,27,28,29,30,31,38,39,40,41,42,11,12,13,14,15,72,73,74,51,52,6,7,8,9,75,22,23,57,10,53,54,55,76,77,78,79,80,,,2,36,60,21,22,20,23,24,19,4,61,5,3,18,56,1,67,57,58,59,15,16,17,2,8,14,13,12,6,9,11,10,11,25,26,27,28,29,30,7,52,53,35,32,33,34,62,54,55,39,40,41,42,43,44,63,64,65,66,45,46,47,48,49,51,50
,,,,,,,,,,2,3,4,5,,,,,,,,,,,,,,,,,,,,,,,,,,,,,,,,,,,,,,,,,,,,,,,,,,,,,1,,,,,,,,,,,,,,,,,,,,,,,,,,,,,,,,,,,,,,,,,,,,,,,,,,,,,,,,,,,,,,,,,,,,,,,,
16,15,14,28,31,5,59,60,41,35,36,37,38,39,40,27,26,70,63,64,65,66,67,62,49,50,51,52,53,30,29,61,42,43,44,45,46,47,48,25,24,23,22,21,20,19,18,17,55,56,57,58,3,4,11,10,9,8,54,1,6,12,33,68,69,34,32,71,7,2,13,,,9,4,2,5,3,1,15,14,19,18,24,21,17,59,60,61,62,42,43,50,44,46,48,47,45,49,58,35,36,37,38,39,66,40,65,64,63,41,23,22,34,20,55,56,57,51,52,28,29,32,30,31,27,26,53,33,67,54,16,,,,,,,
23,24,25,26,30,32,68,67,66,62,6,7,8,9,10,31,33,69,34,35,36,37,38,39,1,2,3,4,5,12,13,27,40,41,42,43,44,45,46,57,58,59,60,61,47,48,49,50,51,52,53,54,55,56,17,18,19,20,65,21,22,14,71,28,29,64,11,63,16,15,70,,,20,6,19,21,46,7,22,5,17,1,8,23,2,18,24,44,45,38,37,36,47,48,49,50,51,52,53,54,55,56,57,58,59,60,31,32,33,34,35,9,41,42,39,43,11,12,3,30,40,61,62,63,64,65,25,26,27,28,16,29,13,66,14,30,67,4
8,9,10,62,24,25,63,64,65,66,67,68,69,70,71,26,27,61,1,2,3,4,5,6,49,50,51,52,53,54,55,56,42,43,44,45,46,47,48,37,38,39,40,41,28,29,30,31,60,32,33,34,35,36,11,12,13,14,15,16,17,59,18,19,20,21,57,58,23,22,7,,,,,,,,,,,,,,,,,,,,,,,,,,,,,,,,,,,,,,,,,,,,,,,,,,,,,,,,,,,,,,,,,,,,
35,35,35,35,35,35,35,35,35,35,35,35,35,35,35,35,35,35,35,35,35,35,35,35,35,35,35,35,35,35,35,35,35,35,35,35,35,35,35,35,35,35,35,35,35,35,35,35,35,35,35,35,35,35,35,35,35,35,35,35,35,35,35,35,35,35,35,35,35,35,35,,,,,,,,,,,,,,,,,,,,,,,,,,,,,,,,,,,,,,,,,,,,,,,,,,,,,,,,,,,,,,,,,,,,
35,35,35,35,35,35,35,35,35,35,35,35,35,35,35,35,35,35,35,35,35,35,35,35,35,35,35,35,35,35,35,35,35,35,35,35,35,35,35,35,35,35,35,35,35,35,35,35,35,35,35,35,35,35,35,35,35,35,35,35,35,35,35,35,35,35,35,35,35,35,35,,,,,,,,,,,,,,,,,,,,,,,,,,,,,,,,,,,,,,,,,,,,,,,,,,,,,,,,,,,,,,,,,,,,
9,10,11,8,22,23,5,4,3,1,33,34,35,36,32,55,56,62,66,67,68,69,70,71,24,25,26,27,28,29,30,31,48,49,50,51,52,53,54,57,58,59,60,61,41,42,43,44,38,45,46,47,39,40,15,16,17,18,19,13,20,12,2,64,65,6,37,63,21,14,7,,,2,1,14,9,10,6,13,8,3,5,12,11,4,7,26,55,54,37,38,50,60,59,58,57,31,32,21,20,15,16,17,18,19,56,45,44,43,42,41,66,40,39,53,24,23,30,52,35,51,63,62,61,33,34,49,48,47,46,36,25,27,22,28,65,64,29
1,2,3,60,61,62,63,64,65,66,9,10,11,12,13,14,15,71,72,73,74,75,76,77,16,17,18,19,20,21,22,23,24,25,26,27,28,29,30,31,32,33,34,35,36,37,38,39,40,41,42,43,44,45,4,5,6,7,8,9,10,11,12,13,14,15,16,17,18,19,20,,,,,,,,,,,,,,,,,,,,,,,,,,,,,,,,,,,,,,,,,,,,,,,,,,,,,,,,,,,,,,,,,,,,
17,18,19,70,22,23,3,4,1,63,24,25,26,27,28,20,21,45,64,65,66,67,68,69,30,31,32,33,34,35,36,37,38,39,40,41,42,43,44,57,58,59,60,61,47,48,49,50,51,52,53,54,55,56,7,8,9,10,16,12,13,15,62,5,6,2,29,46,11,14,71,,,3,26,27,28,58,29,14,30,31,32,33,34,13,16,59,9,8,15,35,36,40,41,42,43,39,44,56,50,52,53,54,51,55,10,19,20,21,22,23,18,24,25,37,2,60,19,62,12,61,45,46,47,48,49,7,6,4,5,63,38,64,57,1,66,11,65
1,2,3,63,14,15,30,31,32,33,16,17,18,19,20,42,43,70,24,25,26,27,28,29,54,55,56,57,58,59,60,61,35,36,37,38,39,40,41,65,66,67,68,69,44,45,46,47,48,49,50,51,52,53,4,5,6,7,8,9,10,11,62,22,23,34,21,71,12,13,64,,,16,14,17,18,19,20,21,15,1,14,22,23,13,24,25,26,41,42,43,44,37,38,39,40,27,36,4,5,6,7,8,9,10,35,45,46,47,48,49,27,50,51,28,29,3,52,30,53,54,55,56,57,31,32,58,59,60,61,62,63,12,33,2,64,34,11
35,35,35,35,35,35,35,35,35,35,35,35,35,35,35,35,35,35,35,35,35,35,35,35,35,35,35,35,35,35,35,35,35,35,35,35,35,35,35,35,35,35,35,35,35,35,35,35,35,35,35,35,35,35,35,35,35,35,35,35,35,35,35,35,35,35,35,35,35,35,35,,,,,,,,,,,,,,,,,,,,,,,,,,,,,,,,,,,,,,,,,,,,,,,,,,,,,,,,,,,,,,,,,,,,
1,2,3,31,32,33,34,35,16,17,18,19,20,21,22,23,24,41,36,37,38,39,40,25,49,50,51,52,53,54,55,56,42,43,44,45,46,47,48,57,58,59,60,61,62,63,64,65,66,67,68,69,70,71,4,5,6,7,26,8,9,27,12,13,14,15,28,29,10,11,30,,,9,10,32,33,34,11,35,12,36,13,37,38,14,15,16,17,18,39,40,41,19,20,21,22,66,42,43,1,2,3,4,5,6,23,44,45,46,47,48,50,51,52,53,24,7,25,65,26,67,27,28,29,30,31,54,55,56,57,58,59,60,61,8,62,63,64
2,,,4,15,3,25,,26,10,27,,,,1,16,,28,13,,,,,8,29,,,,,14,,30,17,,,,,,,21,,,,,22,,,,23,32,,,24,,9,,,,31,7,,5,6,19,,18,20,33,11,12,34,,,21,2,22,15,23,25,24,10,1,14,26,27,6,7,11,5,13,28,53,54,1,56,57,58,59,60,29,8,3,16,,4,30,31,32,,,33,34,36,37,,38,17,9,39,40,18,41,42,,43,,44,45,46,47,48,49,50,51,20,52,,19,12
35,35,35,35,35,35,35,35,35,35,35,35,35,35,35,35,35,35,35,35,35,35,35,35,35,35,35,35,35,35,35,35,35,35,35,35,35,35,35,35,35,35,35,35,35,35,35,35,35,35,35,35,35,35,35,35,35,35,35,35,35,35,35,35,35,35,35,35,35,35,35,,,,,,,,,,,,,,,,,,,,,,,,,,,,,,,,,,,,,,,,,,,,,,,,,,,,,,,,,,,,,,,,,,,,
35,35,35,35,35,35,35,35,35,35,35,35,35,35,35,35,35,35,35,35,35,35,35,35,35,35,35,35,35,35,35,35,35,35,35,35,35,35,35,35,35,35,35,35,35,35,35,35,35,35,35,35,35,35,35,35,35,35,35,35,35,35,35,35,35,35,35,35,35,35,35,,,,,,,,,,,,,,,,,,,,,,,,,,,,,,,,,,,,,,,,,,,,,,,,,,,,,,,,,,,,,,,,,,,,
